idx,title,url,updated,recMod,header,topics,language,notes,urlOtherTitle,urlOther
183,Wrangler GitHub Action,https://github.com/cloudflare/wrangler-action,2020-07-02,2020-07-03,official,"GitHub,deploy",Docker,Zero-config Cloudflare Workers deployment ,,
182,various,https://github.com/netnr/workers,2020-06-21,2020-07-03,Chinese,security,ES2017,,,
160,GitHub star counter ,https://github.com/idealclover/GitHub-Star-Counter,2020-05-20,2020-07-03,,"service,GitHub",TypeScript,,,
181,,https://github.com/xtlsoft/cloudflare-workers-comment-server,2019-06-29,2020-07-03,,"GitHub,service",ES2017,,,
180,Cloudflare Workers <3 Create React App,https://github.com/juiceo/cloudflare-worker-cra,2020-03-07,2020-07-03,tool,"ReactJS,template",ES2017,,,
179,Learning serverless API functions ,https://github.com/hchiam/learning-cloudflare,2020-06-02,2020-06-10,,setup,ES2017,,,
177,Google Pub/Sub API ,https://github.com/sagi/workers-pubsub,2020-06-04,2020-06-10,API,"route,pub-sub",ES2017,,,
178,Generate JWTs using the WebCrypto API ,https://github.com/sagi/workers-jwt,2020-06-04,2020-06-10,security,,ES2017,,,
157,US COVID-19 APIs,https://github.com/COVID19Tracking/website/,2020-06-08,2020-06-10,emergency-management,"REST,GraphQL,CORVID19",ES2017,scraped & hand-verifed Coronavirus data by county & states in USA,GraphQL Playground,https://covidtracking.com/api/playground
176,Golinks,https://github.com/ryanpbrewster/golinks,2020-06-08,2020-06-10,,route,ES2017,short-links,,
175,simple TODOs,https://github.com/signalnerve/cloudflare-workers-todos,,2020-06-10,,app,ES2017,,demo,https://todo.kristianfreeman.com/
174,workers-asset-cache,https://github.com/MaxRatmeyer/workers-asset-cache,2020-06-08,2020-06-10,,"proxy,cache",ES2017,proxy static content from external sources like S3 or Google Cloud ,blog,https://maxratmeyer.com/blog/caching-images-on-the-edge-with-s3-and-workers-kv/
173,Workers Types,https://github.com/cloudflare/workers-types,2020-06-09,2020-06-10,,,TypeScript,TypeScript type definitions ,,
172,TypeScript Boilerplate for Node.js,https://github.com/mastermunj/worker-typescript-boilerplate,2020-06-10,2020-06-10,,template,TypeScript,"EsLint, Prettier, GI actions, Jest, etc",,
171,Typescript Server & Client Template,https://github.com/GregBrimble/cf-workers-typescript-template,2020-06-10,2020-06-10,,"template,frontend",TypeScript,Typescript Server & Client Template,,
169,Edgesearch,https://github.com/wilsonzlin/edgesearch,2020-06-10,2020-06-10,boss,"search,WASM",Rust,"full-text search using, WebAssembly & Roaring Bitmaps",,
161,workers-typescript-template,https://github.com/EverlastingBugstopper/worker-typescript-template,2020-06-02,2020-06-10,,template,TypeScript,"with mocha tests, prettier",,
168,Official Gatsby deployment docs,https://www.gatsbyjs.org/docs/deploying-to-cloudflare-workers/,2020-03-25,2020-03-26,official,"GatsbyJS,deploy,article",,,,
167,Polyfill the worker API for local testing,https://github.com/digi3colin/node-cloudflare-worker-test-utils,2020-03-13,2020-03-18,,test,ES2017,,,
166,CLI KV store tool,https://github.com/saibotsivad/cloudflare-worker-key-value,2020-02-08,2020-03-18,tool,"CLI,KV",ES2017,,,
165,GraphQL Gateway Example,https://github.com/primaryfit/api,2019-09-18,2020-03-18,,GraphQL,ES2017,Uses graphql/graphql & dataloader ,,
164,Advanced Business Application Programming Template,https://github.com/open-abap/cloudflare-abap-template,2020-03-15,2020-03-18,,"ABAP,template",ES2017,,,
163,Workers KV  - file hosting,https://github.com/judge2020/cloudflare-file-hosting,2020-03-15,2020-03-18,,"KV,static",ES2017,,,
162,Workers for www.mozilla.org,https://github.com/mozmeao/www-workers,2020-03-16,2020-03-18,,,ES2017,,,
60,Cloudflare Workers Time Tests,https://github.com/EverlastingBugstopper/cf-workers-benchmark,2020-03-16,2020-03-18,tool,"tool,test",ES2017,Example development environment with three patterns for benchmarking Cloudflare edge workers,,
117,Minimal Middlware Router,https://github.com/markusahlstrand/cloudworker-router,2020-02-20,2020-03-18,,"route,library",ES2017,"small (3,36KB) koajs-router-style router for cloudflare workers.",,
121,Blog app,https://telex.blog/,2019-10-24,2020-03-18,,KV,ES2017,Write posts anonymously,source,https://github.com/panda-sandeep/telex
159,various @ nchlswhttkr/workers,https://github.com/nchlswhttkr/workers,2020-03-18,2020-03-18,msc,"route,Slack,tool",ES2017,"Rush/pnpm mono repo: GoLang interpreter, newsletter, WebHooks, +",,
158,Siujoeng-Lau/Workers-Proxy,https://github.com/Siujoeng-Lau/Workers-Proxy,2020-02-15,2020-03-18,app,"proxy,localization",ES2017,has many examples,demo,https://cdn.reverse-proxy.live/
135,feature-rich api gateway ,https://github.com/markusahlstrand/cloudworker-proxy,2020-03-12,2020-03-18,API,"tool,route,AWS,GCS",ES2017,"invoke Lambadas & GC, load balance, static res, logging, auth, rate limiting, mod headers",example,https://proxy.cloudproxy.io/
73,Wrangler: offiical CLI tool,https://github.com/cloudflare/wrangler,2020-03-18,2020-03-18,official,"WASM,CLI,tool",Rust,"available via `npm` & `cargo`, can build & deploy JS, Rust, & C/C++ projects via templates",brief tutorial,https://dev.to/cloudflareworkers/a-brief-guide-to-what-s-new-with-cloudflare-workers-di8
67,Run Cloudflare Worker scripts locally,https://github.com/dollarshaveclub/cloudworker,2020-03-08,2020-03-18,local-dev,"tool,local-dev",ES2017,"uses Docker, nice API, includes WASM build support",,
156,API for COVID-19 stats in India,https://github.com/amodm/api-covid19-in,2020-03-17,2020-03-18,emergency-management,"REST,health,CORVID19",ES2017,scrapes Ministry of Health and Family Welfare & unofficial sources,,
155,Wes Bros tries CfWorkers,https://youtu.be/48NWaLkDcME,2020-02-18,2020-03-18,,"article,example",ES2017,Popular JS instructor tries out CfWorkers,,
154,Security Headers,https://scotthelme.co.uk/security-headers-cloudflare-worker/,2018-03-18,2020-03-03,,"security,article",,set security headers when you use certain hosted solutions like Ghost Pro or GitHub Pages,,
153,CFW Webpack Boilerplate,https://github.com/detroitenglish/cloudflare-workers-webpack-boilerplate,2019-07-12,2020-02-25,,"tool,template,deploy",ES2017,"A minimal-config template for building, bundling and deploying Cloudflare Workers with Webpack",,
152,Blogging w/Gatsby & headless Ghost CMS,https://www.mskog.com/posts/changing-my-blog-from-hugo-to-gatsby/,2020-02-15,2020-02-23,,"CMS,article",,,,
151,Moving MCVersions.net with Sites,https://nodecraft.com/blog/development/moving-mcversions-serverless-with-cloudflare-workers-sites,2020-02-06,2020-02-23,,"Sites,article",,,,
150,Google Drive Index,https://github.com/maple3142/GDIndex,2020-01-04,2020-02-23,,VueJS,ES2017,,demo,https://gdindex-demo.maple3142.workers.dev/
149, wilsonzlin/edgesearch,https://github.com/wilsonzlin/edgesearch,2020-02-15,2020-02-23,boss,"REST,service",Rust,full text search API using WebAssembly,,
148,kv-orm/cf-workers ,kv-orm/cf-workers ,2020-02-19,2020-02-23,,KV,TypeScript,,,
147,worker-pastebin,https://github.com/PeterCxy/worker-pastebin,2020-02-19,2020-02-23,,tool,CoffeeScript ,,,
146,ethereum-worker,https://github.com/shalzz/ethereum-worker,2020-02-16,2020-02-23,,"cache,blockchain",TypeScript,caching layer for an ethereum node ,,
145,Crafthead,https://github.com/astei/crafthead,2020-02-20,2020-02-23,,service,ES2017,Super scalable Minecraft avatar generation,demo,https://crafthead.net/
144,placeholders.dev,https://placeholders.dev/,2020-02-22,2020-02-22,boss,"service,REST",ES2017,Generate custom SVG placeholder images,source,https://github.com/Cherry/placeholders.dev
143,Abused CfWorker Used to Inject Korean SEO Spam,https://blog.sucuri.net/2020/02/abused-cloudflare-workers-service-used-to-inject-korean-seo-spam.html,2020-02-13,2020-02-21,security,"article,SEO,inject",,SEO spam showed only in Google search results,,
142,Setup CfWorkers on a Custom Domain,https://www.andressevilla.com/how-to-setup-cloudflare-workers-on-a-custom-domain/,2019-12-11,2020-02-21,,"article,setup",,,,
141,Hosting Static Wordpress Sites,https://developers.cloudflare.com/workers/tutorials/hosting-static-wordpress-sites/,2019-11-01,2020-02-21,boss,"WordPress,article,static",ES2017,"WP2Static, then setup Workers project",YouTube,https://youtu.be/LR7YF1z4VzM
132, TomasHubelbauer;s setup tutorial,https://github.com/TomasHubelbauer/cloudflare-worker,2020-01-13,2020-02-19,,tutorial,ES2017,setting up and basic usage checklist,,
139,Use Cloudflare JS Workers to Deploy Your SSG,https://levelup.gitconnected.com/use-cloudflare-javascript-workers-to-deploy-you-static-generated-site-ssg-1c518e078646,2020-01-30,2020-02-17,article,"setup,static,NextJS",ES2017,Complete tutorial: config at Cloudflare's admin dashboard to using KV to store versions.,,
46,simple todo list app using KV & 2 workers,https://github.com/signalnerve/cloudflare-workers-todos,2019-05-23,2020-02-17,,"app,frontend,KV",ES2017,"includes static HTML, Cf KV, get & put workers",DEV.to,https://dev.to/cloudflareworkers/building-a-to-do-list-application-with-cloudflare-workers-and-kv-504d
10,Maintenance Mode static page,https://www.resdevops.com/2018/03/20/cloudflare-workers-maintenance-mode-static-page/,2018-03-20,2020-02-17,,"article,static",ES2017,includes PowerShell script to toggle,,
79,Writing an API at the Edge with Firestore,https://blog.cloudflare.com/api-at-the-edge-workers-and-firestore/,2019-03-21,2020-02-13,,"article,app,GCS",ES2017,uses Google's Cloud Firestore for storage & JWT for authentication,,
138,Kristian Freeman's interview at Sanity.io,https://www.sanity.io/blog/how-cloudflares-built-with-workers-was-built,2020-02-11,2020-02-13,article,"interview,video",,How Cloudflare built their showcase site for Workers on Sanity.io and Gatsby… and Workers,YouTube,https://www.youtube.com/watch?time_continue=1007&v=udI-pnsWzpc&feature=emb_title
137,Axios uses CfWorkers,https://www.axios.com/new-axios-website-google-amp-563e62ba-8708-4965-8f5e-3216bd268383.html,2020-02-06,2020-02-06,boss,article,,"""gradual rollout, perform A/B testing, and perform ESI-style page-stitching""",,
136,tiny-request-router ,https://github.com/berstend/tiny-request-router,2020-01-05,2020-02-05,API,route,TypeScript,"battle-tested, fast, generic and type safe router ",,
31,proxies-on-cloudflare,https://github.com/GitbookIO/proxies-on-cloudflare,2019-12-22,2020-02-05,,"proxy,loadbalance",TypeScript,"proxies for Friebase & Mixpanel, simple routing, fallbacks, etc",,
30,Blue / Green Deployments,https://github.com/DigitalOptimizationGroup/blue-green-cloudflare-workers,2019-03-26,2020-02-05,,"test,deploy,proxy",ES2017,"implementing Canary releasing and A/B testing, release versioning,bash scripts for deploying, uses cookies to lock in version",,
64,Wasabi CDN cheap website,https://github.com/mraerino/cdn-static,2018-11-23,2020-02-05,,"static,CDN",TypeScript,serves static website from wasabi.com's cheap cloud storage,,
8,API gateway / redirect,https://github.com/jamesbibby/cloudflare-api-gateway,2019-02-18,2020-02-05,,"article,REST,proxy",ES2017,reverse proxy layer to improve performance (HTTP1 vs HTTP2),,
134,cache-crawled-links-worker,https://github.com/cowchimp/cache-crawled-links-worker,2019-08-04,2020-02-03,,cache,ES2017,"proxies requests to an origin server, and pre-caches pages that the user might navigate to.",,
133,worker-graphql ,https://github.com/BorderlessLabs/worker-graphql,2020-01-12,2020-02-03,API,GraphQL,ES2017,much smaller than Apollo Server,,
129,Flash - Response Lantency Simulator,https://github.com/codeb2cc/cf-flash-slothmore,2020-01-02,2020-02-03,,test,ES2017,,,
131,@readme/cloudflare-worker,https://github.com/readmeio/cloudflare-worker,2020-01-14,2020-02-03,,log,ES2017,get your API log data into ReadMe.IO,docs,https://docs.readme.com/metrics/docs/sending-logs-to-readme-with-cloudflare
130,worker-haskell-template,https://github.com/ento/worker-haskell-template,2020-01-08,2020-02-03,msc,template,Haskell,Wrangler template for a Cloudflare Workers + Haskell (Asterius) project,,
128,Assorted demos ,https://github.com/mikaelvesavuori/cloudflare-workers-demos,2019-12-27,2020-02-03,msc,route,ES2017,"checks: if bot, moble, user-country, A/B testing, etc",,
1,cloudflare-worker-local,https://github.com/gja/cloudflare-worker-local,2019-08-01,2020-02-03,tool,"test,tool",ES2017,test a Cloudflare Worker Locally,,
118,Built with Workers Showcase,https://workers.cloudflare.com/built-with/,2020-01-29,2020-02-02,boss,"GraphQL,GatsbyJS,ReactJS",ES2017,Websites & projects built with Cloudflare Workers,source,https://github.com/cloudflare/built-with-workers
126,Elm CfWorkers example,https://github.com/choonkeat/elm-serverless-edge,2019-09-20,2020-02-02,article,example,Elm,Elm on Cloudflare Workers with KV,,
127,Cf-Worker-Kit,https://github.com/lucacasonato/workerkit,2019-12-14,2020-02-02,tool,template,TypeScript,library to make writing Cloudflare Workers way nicer ,,
125,Deploy a React App,https://developers.cloudflare.com/workers/tutorials/deploy-a-react-app/,2019-10-04,2020-02-02,article,"ReactJS,video",ES2017,,source,https://github.com/cloudflare/react-workers-template
124,GitCF,https://github.com/maple3142/gitcf,2019-10-04,2020-02-02,tool,route,ES2015,RawGit clone on CfWorkers.,demo,https://gh.maple3142.net/
123,Python Cloudflare Worker Route,https://github.com/alamsyahho/cloudflare-worker-route,2019-10-20,2020-02-02,,route,Python,,,
122,Status Page,https://github.com/RedL0tus/status-server,2019-10-22,2020-02-02,,"WASM,security",Rust,Authenticate records using HMAC-SHA512 algorithm with RustCrypto libraries & KV,,
40,Rust WASM-pack template,https://github.com/cloudflare/rustwasm-worker-template,2019-10-22,2020-02-02,,WASM,Rust,"wasm-bindgen. console_error_panic_hook (logging panic messages),. wee_alloc",,
120,Lazy Invoice PDF generator,http://lazy.invoice.workers.dev/,2019-10-24,2020-02-02,tool,pdf,ES2017,simple online invoice tool,source,https://github.com/adamschwartz/lazy.invoice.workers.dev
119,globally distributed Apollo GraphQL server,https://github.com/signalnerve/workers-graphql-server,2019-12-13,2020-02-02,GraphQL,GraphQL,ES2017,"Debugging, CORS, REST caching",Playground demo,https://graphql-on-workers.signalnerve.com/___graphql
45,Serverless framework Blueprint,https://github.com/signalnerve/serverless-cloudflare-workers-blueprint,2019-04-22,2020-02-02,local-dev,"Serverless,tool,deploy",ES2015,"configure your `.env`, & `serverless deploy` away",,
21,image shrinking with WebAssembly,https://github.com/cloudflare/cloudflare-workers-wasm-demo,2018-10-01,2020-02-02,,"optmimize,image,WASM",C,image resizing that runs on Cloudflare's edge network,,
116,Testing Cloudflare workers,https://findwork.dev/blog/testing-cloudflare-workers/,2019-10-22,2020-02-02,article,"test,tool",ES2015,"There is no extensive tutorial on how to test Cloudflare workers, so I wrote one",,
11,tools for creating an app,https://github.com/postlight/cloudflare-worker-app-kit,2019-04-03,2020-02-02,,"tool,Preact",TypeScript,build & deploy scripts,,
25,x-host: override host proxy,https://github.com/pmeenan/cf-workers/tree/master/xhost,2019-05-06,2020-02-02,,proxy,ES2017,includes Chrome plugin.  mimics WebPageTest's overrideHost command for local testing. Rewrite all requests to a different host while adding an x-Host header,,
68,Apollo Server Cloudflare & Prisma Concept,gitlab.com/travis-projects/cloudflare-workers-graphql-server,2019-02-28,2020-02-02,,GraphQL,ES2015,"uses apollo-server-cloudflare to create a GraphQL server on Cloudflare Workers, and it also uses graphql-request to connect to a Prisma server",,
72,Serverless Meetup with Cloudflare,https://www.heavybit.com/library/blog/serverless-meetup-with-cloudflare/,2018-10-17,2020-02-02,,video,ES2017,several talks describing CfWorkers,cued to examples of CFWorker usage,https://youtu.be/kGeu2GzyVKw?t=473
80,Diving into Technical SEO,https://blog.cloudflare.com/diving-into-technical-seo-cloudflare-workers/,2019-03-07,2020-02-02,article,"article,optmimize,SEO",TypeScript,"modifying incomming & outgoing requests, inject Hreflang tags,, redirects, etc",,
81,Serverless PWA using React,https://github.com/cloudflare/workers-react-pwa-example,2018-11-23,2020-02-02,article,"article,ReactJS",ES2017,terraform deploy srcipt included,Cloudflare article builds up example script,https://blog.cloudflare.com/serverless-pwa-react-cloudflare-workers/
114,Portzilla,www.cloudflare.com/apps/portzilla,2019-11-26,2020-02-02,,"app,commercial",ES2017,"A reverse-proxy on the edge, no more NGINX",demo,https://www.networkchimp.com/tutorials/portzilla-api.html
113,Fortify,www.cloudflare.com/apps/fortify,2019-11-26,2020-02-02,,"app,commercial",ES2015,Add custom HTTP headers to your in-flight requests,demo,https://www.networkchimp.com/tutorials/fortify.html
112,Edgy,www.cloudflare.com/apps/edgy,2019-09-24,2020-02-02,,"app,commercial",ES2015,"Free, on-demand Maintenance Mode for your site",demo,https://www.networkchimp.com/tutorials/edgy.html
115,Cassette,www.cloudflare.com/apps/cassette,2019-09-24,2020-02-02,,"app,commercial",ES2015,"Cache object storage assets from S3, GCS, and more on Cloudflare",demo,https://www.networkchimp.com/tutorials/cassette.html
53,Cryptocurrency API Gateway,https://github.com/stevenpack/cryptoserviceworker,2018-06-26,2019-07-07,article,"article,gatekeeper,route",TypeScript,"mini http request routing, then gateway to multiple crypto API providers in 1 file",blog.CloudFlare,https://blog.cloudflare.com/cryptocurrency-api-gateway-typescript-workers/
109,Building a To-Do List App,,2019-05-23,2019-07-07,,"article,app",ES2017,"uses CF KV also, pre-Wrangler, so work is via web interface",,
108,Living at the Edge at Dwolla,https://www.dwolla.com/updates/living-at-the-edge/,2019-06-27,2019-07-05,,"article,CI/CD",ES2017,Using environment variables & CI pipeline,,
107,ว่าง ๆ มาสร้าง Serverless function บน Cloudflare Workers กัน,http://www.somkiat.cc/deploy-serverless-on-cloudflare-workers/,2019-04-19,2019-07-05,ไทย (Thai),article,ES2017,How to use Wrangler in Thai,,
105,example Gatsby.js project ,https://github.com/signalnerve/gatsby-cloudflare-workers,2019-06-10,2019-06-30,GraphQL,ReactJS,ES2017,blog served via GatsbyJS/React,,
106,file hosting,https://github.com/judge2020/cloudflare-file-hosting,2019-06-09,2019-06-30,,app,TypeScript,Uses Workers KV to enable Cloudflare as a file host. This is currently unstable,,
104,Template: TypeScript  & Jest by udacity,https://github.com/udacity/cloudflare-typescript-worker-template,2019-06-10,2019-06-30,tool,template,TypeScript,"preconfigured starter template for building a Tslint strictly linted/formatted, Jest tested, Webpack built, TypeScript",,
103,Google Analytics shield ,https://github.com/boynet/cf-GoogleAnalytics-shield-worker,2019-06-11,2019-06-30,msc,"SEO,analytics",ES2017,protect google analytics from being blocked by ad blockers,,
102,Template: validating JWTs from Auth0,https://github.com/bcnzer/cloudflare-worker-template-auth0-jwt,2019-06-11,2019-06-30,,"security,auth,template",ES2017,For use with Wrangler CLI ,,
100,blog server in Chinese,https://github.com/kasuganosoras/cloudflare-worker-blog,2019-06-16,2019-06-30,Chinese,article,PHP,"Served via Workers, but deployed via PHP",live site,https://blog.natfrp.org/solusvm-chinese-translate
101,score users' new passwords with zxcvbn,https://github.com/detroitenglish/pw-pwnage-cfworker,2019-06-12,2019-06-30,security,"security,app,REST",ES2017,RESTful endpoint for sanely scoring users' new passwords  & querys Troy Hunt's haveibeenpwned collection of +5.1 billion breached accounts,,
88,TypeScript Types and mocks,https://github.com/udacity/cloudflare-typescript-workers,2019-06-07,2019-06-30,local-dev,"tool,template",TypeScript,"simple example and/or starting point for a CfWorker script using TypeScript, WebPack, & Jest",,
99,Shopping site demo,https://github.com/jRiest/shopping-demo,,2019-06-30,,"static,ReactJS",ES2017,serverless shopping website ,live demo,https://shopping.jake.workers.dev/
98,CFP Land RSS WOrker,https://github.com/cfpland/rss-worker,2019-06-18,2019-06-30,,"service,SEO",ES2017,generates an RSS feed ,live RSS feed,https://feeds.cfpland.com/v2/rss/cfps
97,KV  Benchmark,https://github.com/rluisr/workerskv_benchmark,2019-06-21,2019-06-30,,"test,tool,KV",GoLang,compare own memcache server with WorkersKV,,
96,Custom Domain example,https://github.com/dnwk/Handle-Server-customdomain-with-Cloudflare-Worker,2019-06-24,2019-06-30,,route,ES2017,perform redirect when URL is found,,
95,Bitquant's Sandbox,https://github.com/bitquant/cloudflare-workers-sandbox,2019-06-26,2019-06-30,,local-dev,ES2017,Test your Cloudflare Workers application with your local machine,,
93,Workers CI,https://github.com/shagamemnon/workers-ci,2018-06-14,2019-06-08,,tool,ES2015,Gulp.js client for automating and testing Cloudflare Workers deployments,,
92,cloudflare-workers-sandbox,https://github.com/bitquant/cloudflare-workers-sandbox,2019-06-04,2019-06-08,local-dev,"tool,test,local-dev",ES2017,sandbox environment suitable for running and testing your worker code locally,,
91,Logger for Loggly,https://github.com/bitquant/cloudflare-workers-logger,2019-06-04,2019-06-08,,log,ES2017,,solarwinds loggy,https://www.loggly.com/
43,routing middleware,https://github.com/bitquant/cloudflare-workers,2019-05-03,2019-06-08,,"route,tool",ES2015,basic routing handlers,,
38,Local cloudflare-workers-kv,https://github.com/bitquant/cloudflare-workers-kv,2019-06-04,2019-06-08,tool,"KV,local-dev",ES2017,Workers KV in your local environment or within a CF Workers env.  Chunks large values above 64kB,,
90,Official Serverless Quickstart,https://serverless.com/framework/docs/providers/cloudflare/guide/quick-start/,2019-05-09,2019-06-07,article,,Serverless,guide to use the Serverless Plugin to deploy CfWorkers,,
89,StackOverflow questions,https://stackoverflow.com/questions/tagged/cloudflare-workers,2019-06-07,2019-06-07,,,,croudsourced help,,
34,edge A/B testing proxy,https://github.com/DigitalOptimizationGroup/cloudflare-edge-proxy,2018-12-18,2019-06-07,,"proxy,test,gatekeeper",ES2015,"A/B/n testing across multiple backends, gradual canary testing, dynamic gatekeeping, includes tests, great example",,
7,KV interactive viewer,https://github.com/jroyal/cloudflare-workers-kv-viewer,2019-05-04,2019-06-07,tool,"tool,CLI",ES2017,nice CLI tool to explore keys & values of a Cloudflare account,,
22,Streaming Optimizations,https://github.com/pmeenan/cf-workers/tree/master/streaming-optimizations,2019-03-28,2019-06-07,msc,"optmimize,cache",ES2017,"caches 3rd party scripts & dynamic HTML, inlines Google Fonts CSS.  Non-streaming blocking [version is avaiable](https://github.com/pmeenan/cf-workers/tree/master/optimization-pack)",,
86,Awesome Service Workers,https://github.com/TalAter/awesome-service-workers#awesome-service-workers-,2018-10-31,2019-06-07,related,,ES2015,Cf Service Workers are based on browser SW,,
9,Kv Web Explorer,https://github.com/bcnzer/kv-explorer-ui,2018-12-04,2019-06-07,tool,"VueJS,KV,tool",ES2017,Vue.js SPA for viewing Cloudflare KV data,,
44,very basic auth,https://github.com/dommmel/cloudflare-workers-basic-auth,2019-04-12,2019-06-07,,security,ES2015,"hardcoded user & password auth example ""to protect static html pages"".  Uses WebPack for some reason.  ",,
48,CI/CD with Azure,https://github.com/daniel-simpson/Cloudflare-Enterprise-Workers,2018-08-06,2019-06-07,msc,deploy,ES2017,,,
66,URL Shortener wtih Zapier & GA,https://github.com/deens-com/urlshortener,2019-03-27,2019-06-07,,"analytics,app,route",ES2017,advanced URL Shortener running on CloudFlare Workers + Zapier with Remarketing pixels or CTA through Google Tag Manager,,
28,echo,https://github.com/lebinh/cloudflare-workers#workers-zoo,2018-02-06,2019-06-07,tool,test,TypeScript,echo back the request/response from worker point of view,,
12,append client country,https://github.com/windbirds/workers_examples/blob/master/append_user_country/index.js,2019-02-02,2019-06-07,,analytics,ES2017,,,
62,Hasura GraphQL Cloudflare Worker,https://github.com/nathanwaters/hasura-cloudflare-worker,2018-11-21,2019-06-07,GraphQL,"GraphQL,auth",ES2017,Example for Facebook-based authorization and GraphQL proxy queries with Hasura,,
42,TypeScript barra; example,https://github.com/jahands/workers-typescript-example,2018-11-10,2019-06-07,,example,TypeScript,Quick TypeScript + Grunt example,,
75,GDPR for lazy people: Block all EU users,https://apility.io/2018/05/25/gdpr-lazy-block-european-users-cloudflare-workers/,2018-05-25,2019-06-07,,"article,localization",ES2017,uses  Apility API badip,,
78,stock ticker app for Slack,https://blog.cloudflare.com/building-a-serverless-slack-bot-using-cloudflare-workers/,2018-08-09,2019-06-07,,"article,app,Slack",ES2017,,,
39,go/WASM AMP-transformer,https://github.com/gabbifish/amp-transform-wasm,2019-03-29,2019-06-07,msc,"AMP,WASM",GoLang,go/WASM port of the AMP packager transform library,,
54,CF KV Client for .NET,https://github.com/aozd4v/cloudflare-workers-kv-dotnet-client,2019-04-29,2019-06-07,tool,"tool,KV",.NET,.NET Standard 1.4-2.0,,
59,Source code of instant.page’s site,https://github.com/instantpage/instant.page-site,2019-04-12,2019-06-07,,"static,local-dev",ES2017,Node.js app to run locally and generated Cloudflare Worker,live site,instant.page/
57,app to flip images,https://github.com/Kellel/image_flipper,2019-04-04,2019-06-07,msc,"app,image,WASM",Rust,uses Rust's wasm-pack-template,,
19,Sending Logs to ReadMe.io with CloudFlare,https://readme.readme.io/docs/sending-logs-to-readme-with-cloudflare,2018-12-13,2019-06-07,,log,ES2017,use CfWorkers instead of NodeJS,,
14,basic static site,https://github.com/windbirds/workers_examples/blob/master/basic_static_site/index.js,2018-10-21,2019-06-07,,static,ES2017,,,
83,Custom Load Balancing,https://www.codiva.io/blog/post/custom-load-balancing-with-cloudflare-worker/,2018-06-01,2019-06-07,,"article,loadbalance,localization",ES2015,simple example to send the request to different hosts per country of requester,bug fix post,community.cloudflare.com/t/geographic-routing-and-load-balancing-with-cloudflare-workers/21900/2
52,Deploy zip file,https://github.com/fab-spec/cloudflare-workers-packager,2019-03-13,2019-06-07,,"deploy,tool",ES2017,take a fab.zip and wrap the server-side component in a Cloudflare wrapper so it can be used there.,,
41,FSharp tutorial,https://github.com/jbeeko/cfworker-web-api,2019-02-24,2019-06-07,article,"article,app",F#,FSharp example: CRUD contact manager,,
16,LogDNA,https://github.com/windbirds/workers_examples/blob/master/logdna/index.js,2019-02-02,2019-06-07,,log,ES2017,,,
18,What is my IP?,https://github.com/amodm/cloudflare-whatsmyip,2018-04-14,2019-06-07,,service,ES2015,,,
24,Basic Proxy,https://github.com/pmeenan/cf-workers/tree/master/proxy,2019-02-21,2019-06-07,,proxy,ES2017,no docs,,
51,DynamoDB library,https://github.com/bitquant/cloudflare-workers-dynamodb/blob/master/index.js,2019-04-29,2019-06-07,,"AWS,library",ES2017,,,
5,Thin wrapper for Cloudflare Workers KV,https://github.com/Zertz/cloudflare-kv,2018-10-14,2019-06-07,msc,KV,ES2017,"get, put, & delete for Cloudflare KV",,
37,CRA SPA demo,https://github.com/jamesbibby/hello-word-react,2019-02-23,2019-06-07,,"ReactJS,route",TypeScript,"simple create-react-app application, served by a cloudflare worker",,
2,create-cloudflare-worker,https://github.com/gja/create-cloudflare-worker,2019-01-26,2019-06-07,,"tool,template",ES2017,starter kit,,
76,CI/CD pipeline for CfWorkers using Serverless in Azure,https://medium.com/gettimely/how-to-set-up-ci-cd-pipeline-for-cloudflare-workers-using-serverless-framework-in-azure-devops-aka-1e904e91e130,2018-09-14,2019-06-07,msc,"article,CI/CD",Serverless,walkthough for a code pipeline with Serverless Framework,,
61,Cloudflare Watch: validate inbound requests / forms,https://github.com/apzuk3/cloudflare-watch,2019-04-04,2019-06-07,,tool,ES2017,"built on top of APIs to filter, validate and proxy incoming request and input data ",,
74,Set Google Analytics Client ID Cookie,https://gist.github.com/dustinrecko/9f34969250f2e0668d4c4fe4808520a7#file-worker-snippet-js,2019-02-26,2019-06-07,security,"article,analytics,security",ES2015,"Fool Webkit's Intelligent Tracking Prevention,  HTTP Set-Cookie /snippet/",article: Google Analytics ITP 2.1 Prevention ,https://omr.ruhr/google-analytics-itp-2-1-prevention-http-set-cookie-snippet-182092779d40
63,err-table-worker,https://github.com/danigrant/err-table-worker#err-table-worker,2018-12-16,2019-06-07,,"log,AirTable",ES2017,logs http errors to AirTable,,
29,Preact Progressive Web App,https://github.com/DigitalOptimizationGroup/cloudflare-worker-preact-pwa,2018-12-02,2019-06-07,msc,"frontend,optmimize,Preact",ES2017,example PWA created by preact-cli,Preact worker demo,https://growthcloud.io/
65,go-worker-server,https://github.com/nkcmr/go-worker-server,2018-10-28,2019-06-07,,WASM,GoLang,simple way to hook up standard Go HTTP handlers to a Cloudflare Worker,,
27,simple proxy,https://github.com/lebinh/cloudflare-workers#workers-zoo,2018-02-06,2019-06-07,,proxy,TypeScript,,,
49,executable to deploy Cloudflare Workers,https://github.com/ao-com/cloudflare-worker-deployer,2018-07-08,2019-06-07,,"deploy,CLI",GoLang,alternative CLI tool incase you're allergic to Wrangler,,
69,Discount via Country-request,https//cloudflareworkers.com/#bf2d7801e112740f9bd3db6a0b90c0fe:tutorial.cloudflareworkers.com,2019-02-21,2019-06-07,,localization,ES2017,,blog post,scotch.io/tutorials/serverless-cloudflare-workers-are-pretty-awesome
82,Logs from the edge,https://blog.cloudflare.com/logs-from-the-edge/,2018-11-29,2019-06-07,,"article,log",ES2017,uses Elastic Stack (ELK),,
32,easier cloudflare request routing,https://github.com/cakedan/cf-worker-router,2019-03-07,2019-06-07,,route,ES2015,example usage in README,,
71,"Building Workers-KV, Kyle Kloepper ",https://youtu.be/cxgZUqdHAX8,2019-03-27,2019-06-07,,"video,KV",ES2017,"Meetup talk: overview, history, & 'storage gateway worker'",Into blobpost from Cloudflare,https://blog.cloudflare.com/building-with-workers-kv/
47,un-official Bugsnag notifier,https://github.com/jmshal/bugsnag-js-cloudflare-workers,2019-03-04,2019-06-07,,"library,monitor",ES2015,"report to Bugsnag.com in the last mile, example included",,
56,Codeship to automatically update your Cloudflare Workers,https://github.com/karllhughes/workers-codeship-example,2018-08-24,2019-06-07,local-dev,"deploy,example",ES2015,Automated Deployment,,
15,hashing service,https://github.com/windbirds/workers_examples/blob/master/hash/index.js,2019-02-02,2019-06-07,msc,service,ES2017,"JSON responce with SHA1, SHA286, SHA384, & SHA512 hash responce",,
13,basic cache,https://github.com/windbirds/workers_examples/blob/master/basic_cache/index.js,2018-10-21,2019-06-07,,cache,ES2017,,,
70,GraphQL on Edge Workers,https://github.com/cloudflare/workers-graphql-gateway-example,2018-08-01,2019-06-07,GraphQL,"video,GraphQL",ES2017,Workers GraphQL Gateway Example,video demo,https://youtu.be/E9sDH6ylQc4
33,Workers KV + GraphQL,https://github.com/jpstrikesback/cloudflare-graphql,2018-11-21,2019-06-07,,"GraphQL,KV",Serverless,,,
17,validate Portugal VAT number,https://github.com/windbirds/workers_examples/blob/master/validate_pt_vat/index.js,2018-10-22,2019-06-07,,service,ES2017,filter by country,,
26,http_prober,https://github.com/lebinh/cloudflare-workers#workers-zoo,2018-03-22,2019-06-07,,"monitor,test",TypeScript,Prometheus's blackbox-exporter HTTP probe,,
3,simple integration to Cloudflare Workers APIs,https://github.com/jspies/cloudflare-workers-toolkit,2019-03-26,2019-06-07,msc,"tool,deploy",ES2017,"deploy workers, get & remove routs, KV storage, etc",,
36,Call AWS Lambda,https://github.com/ysugimoto/cloudflare-worker-lambda-gateway,2019-01-11,2019-06-07,,AWS,ES2015,,,
20,Airtable Proxy Cloudflare Worker,https://github.com/portable-cto/airtable-proxy-worker,2019-03-13,2019-06-07,msc,"AirTable,REST,security",ES2015,"Hides Airtable Base ID and API Key, Limit requests to specific methods and table, push updates via Travis-CL",,
50,DNS lookup and dig app,https://github.com/matthewgall/beta.dnsjson.com,2018-04-07,2019-06-07,msc,"app,frontend",ES2017,,dnsjson.com - live app,https://beta.dnsjson.com/
6,Test Harness,https://github.com/envato/cloudflare-worker-test-harness,2018-09-16,2019-06-07,,test,ES2015,"emulate the Cloudflare Worker runtime without needing to rely on the console UI, but needs `require` & a few NodeJS APIs ",,
58,Serve cookie consent banner to EU visitors,https://github.com/pioug/cookie-choice,2018-12-29,2019-06-07,localization,"localization,inject,app",ES2017,banner only shows if cllient is in EU,live demo,https://github.com/stevenpack/cryptoserviceworker
23,Bypass Cache on Cookie,https://github.com/pmeenan/cf-workers/tree/master/cache-bypass-on-cookie,2019-03-19,2019-06-07,,"cache,WordPress",ES2017,"bypasses any existing caches when the configured rules are matched, set up for a default WordPress deployment ",,
55,URL shortener with LavaRand,https://github.com/obezuk/cf-workers-link-shortener,2019-04-28,2019-06-07,article,"article,route,app",ES2017,url shortener built with Cloudflare Workers and LavaRand,short blog post,levi.lol/url-shortener-built-on-cloudflare/
4,Supercharge Google Fonts,https://medium.com/@pierluc/supercharge-google-fonts-with-cloudflare-and-service-workers-25c37462fb6a,2018-10-02,2019-06-07,article,"article,optmimize,CDN",ES2017,"inlines font requests with CfWorker, then caches in browser",author's live site,https://www.jirafe.io/
35,Workaround Cloudflare's Anti-DDoS Protection,https://github.com/hrbrmstr/cfhttr,2017-12-10,2019-06-07,security,tool,Rust,Workaround Cloudflare Anti-DDoS Protection,,
77,Testing Performance Of Cloudflare Workers,https://medium.com/gaurav-shukla/testing-performance-of-cloudflare-workers-446420c2d269,2019-04-12,2019-06-07,,"article,test",,performance tests for improvements,,
84,Official Blog,https://blog.cloudflare.com/tag/workers/,,2019-06-07,official,,,Cloudflare's blog posts tagged 'worker',,
87,Cloudflare's Worker Forum / BBS,https://community.cloudflare.com/c/developers/workers,2019-06-07,2019-06-07,official,,,offical community forum,,
85,Official Documentation,https://developers.cloudflare.com/workers/about/,,2019-06-07,official,,,"general docs, includes configurations, Cf KeyValue data store, and recipes",,
184, Berkeley-Reject / workers-proxy,https://github.com/Berkeley-Reject/workers-proxy,2020-06-12,2020-07-03,,proxy,ES2017,lightweight Reverse Proxy with configs,,
185,,,,,,,,,,